INSERT INTO CUSTOMER (CUSTOMER_ID, NAME, ADDRESS, PHONE_NO) VALUES ( '01', 'AZIZ', 'MIRPUR 10', '01780032457');
INSERT INTO CUSTOMER (CUSTOMER_ID, NAME, ADDRESS, PHONE_NO) VALUES ( '02', 'RAHMAT', 'DHANMONDI', '01934582690');
INSERT INTO CUSTOMER (CUSTOMER_ID, NAME, ADDRESS, PHONE_NO) VALUES ( '03', 'AZIZ MONDOL', 'MIRPUR 11', '01349065121');
INSERT INTO CUSTOMER (CUSTOMER_ID, NAME, ADDRESS, PHONE_NO) VALUES ( '04', 'SUSHMITA', 'GULSHAN 1', '01738967823');
INSERT INTO CUSTOMER (CUSTOMER_ID, NAME, ADDRESS, PHONE_NO) VALUES ( '05', 'SANZIDA', 'MANIKDI', '01789403612');
INSERT INTO CUSTOMER (CUSTOMER_ID, NAME, ADDRESS, PHONE_NO) VALUES ( '06', 'LILA', 'GAZIPUR', '01967547890');
INSERT INTO CUSTOMER (CUSTOMER_ID, NAME, ADDRESS, PHONE_NO) VALUES ( '07', 'YEASIN', 'RANGPUR', '01678490658');
INSERT INTO CUSTOMER (CUSTOMER_ID, NAME, ADDRESS, PHONE_NO) VALUES ( '08', 'LUTFUR NAHAR', 'SIRAJGONJ', '01745632457');
INSERT INTO CUSTOMER (CUSTOMER_ID, NAME, ADDRESS, PHONE_NO) VALUES ( '09', 'LILY', 'MIRPUR 2', '01923451780');


INSERT INTO TOUR_GUIDE (TOUR_GUIDE_ID, NAME, ADDRESS, PHONE_NO, SALARY, AVAILABLE, TOUR_AREA) VALUES (001, 'NAVEED', 'MOHAKHALI', '01456723908', 15000, 'YES', 'SAINT MARTIN');
INSERT INTO TOUR_GUIDE (TOUR_GUIDE_ID, NAME, ADDRESS, PHONE_NO, SALARY, AVAILABLE, TOUR_AREA) VALUES (002, 'RAHMAN', 'SIRAJGONJ', '01378905461', 14800, 'YES', 'COXS BAZAR');
INSERT INTO TOUR_GUIDE (TOUR_GUIDE_ID, NAME, ADDRESS, PHONE_NO, SALARY, AVAILABLE, TOUR_AREA) VALUES (003, 'JAHID', 'TEJGAON', '01435678910', 17000, 'YES', 'RAJISTHAN');
INSERT INTO TOUR_GUIDE (TOUR_GUIDE_ID, NAME, ADDRESS, PHONE_NO, SALARY, AVAILABLE, TOUR_AREA) VALUES (004, 'BHUIYAN', 'MIRPUR 2', '01780045678', 18000, 'YES', 'SUNDARBAN');
INSERT INTO TOUR_GUIDE (TOUR_GUIDE_ID, NAME, ADDRESS, PHONE_NO, SALARY, AVAILABLE, TOUR_AREA) VALUES (005, 'ISMAIL', 'MIRPUR 10', '01890546781', 15000, 'YES', 'KASHMIR');
INSERT INTO TOUR_GUIDE (TOUR_GUIDE_ID, NAME, ADDRESS, PHONE_NO, SALARY, AVAILABLE, TOUR_AREA) VALUES (006, 'TOUQEER', 'MIRPUR 11', '01675489230', 18000, 'YES', 'DELHI');
INSERT INTO TOUR_GUIDE (TOUR_GUIDE_ID, NAME, ADDRESS, PHONE_NO, SALARY, AVAILABLE, TOUR_AREA) VALUES (007, 'AMIN', 'DHANMONDI', '01789003421', 14000, 'YES', ' TANGOR HAOR');
INSERT INTO TOUR_GUIDE (TOUR_GUIDE_ID, NAME, ADDRESS, PHONE_NO, SALARY, AVAILABLE, TOUR_AREA) VALUES (008, 'MANIK', 'BANANI', '01578002135', 14000, 'YES', 'SYLHET');
INSERT INTO TOUR_GUIDE (TOUR_GUIDE_ID, NAME, ADDRESS, PHONE_NO, SALARY, AVAILABLE, TOUR_AREA) VALUES (009, 'MARUF', 'KALSHI', '01890321217', 14000, 'YES', 'BANDARBAN');


INSERT INTO PACKAGE( PACKAGE_ID, TOUR_GUIDE_ID, PERSONS, DESTINATION, PRICE, EXPIRE_DATE) VALUES ( 20201, 002, 4, 'COXS BAZAR', 600.00, '22-SEP-22');
INSERT INTO PACKAGE( PACKAGE_ID, TOUR_GUIDE_ID, PERSONS, DESTINATION, PRICE, EXPIRE_DATE) VALUES ( 20202, 001, 2, 'SAINT MARTIN', 400.00, '02-AUG-22');
INSERT INTO PACKAGE( PACKAGE_ID, TOUR_GUIDE_ID, PERSONS, DESTINATION, PRICE, EXPIRE_DATE) VALUES ( 20203, 009, 3, 'BANDARBAN', 600.00, '03-OCT-22');
INSERT INTO PACKAGE( PACKAGE_ID, TOUR_GUIDE_ID, PERSONS, DESTINATION, PRICE, EXPIRE_DATE) VALUES ( 20204, 005, 4, 'KASHMIR', 240.00, '06-NOV-22');
INSERT INTO PACKAGE( PACKAGE_ID, TOUR_GUIDE_ID, PERSONS, DESTINATION, PRICE, EXPIRE_DATE) VALUES ( 20205, 006, 5, 'DELHI', 150.00, '03-DEC-22');
INSERT INTO PACKAGE( PACKAGE_ID, TOUR_GUIDE_ID, PERSONS, DESTINATION, PRICE, EXPIRE_DATE) VALUES ( 20206, 003, 2, 'RAJISTHAN', 100.00, '03-SEP-22');
INSERT INTO PACKAGE( PACKAGE_ID, TOUR_GUIDE_ID, PERSONS, DESTINATION, PRICE, EXPIRE_DATE) VALUES ( 20207, 008, 3, 'SYLHET', 500.00, '23-OCT-22');
INSERT INTO PACKAGE( PACKAGE_ID, TOUR_GUIDE_ID, PERSONS, DESTINATION, PRICE, EXPIRE_DATE) VALUES ( 20208, 007, 4, 'TANGOR HAOR', 800.0, '12-OCT-22');
INSERT INTO PACKAGE( PACKAGE_ID, TOUR_GUIDE_ID, PERSONS, DESTINATION, PRICE, EXPIRE_DATE) VALUES ( 20209, 004, 6, 'SUNDARBAN', 600.00, '03-NOV-22');


INSERT INTO TOUR_ORDER( TOUR_ORDER_ID, CUSTOMER_ID, PACKAGE_ID, TOUR_GUIDE_ID, DATE_) VALUES ( 202201, '01', 20201, 002, '29-AUG-22');
INSERT INTO TOUR_ORDER( TOUR_ORDER_ID, CUSTOMER_ID, PACKAGE_ID, TOUR_GUIDE_ID, DATE_) VALUES ( 202202, '02', 20209, 004, '21-SEP-22');
INSERT INTO TOUR_ORDER( TOUR_ORDER_ID, CUSTOMER_ID, PACKAGE_ID, TOUR_GUIDE_ID, DATE_) VALUES ( 202203, '03', 20207, 008, '23-OCT-22');
INSERT INTO TOUR_ORDER( TOUR_ORDER_ID, CUSTOMER_ID, PACKAGE_ID, TOUR_GUIDE_ID, DATE_) VALUES ( 202204, '04', 20205, 006, '02-OCT-22');
INSERT INTO TOUR_ORDER( TOUR_ORDER_ID, CUSTOMER_ID, PACKAGE_ID, TOUR_GUIDE_ID, DATE_) VALUES ( 202205, '05', 20202, 001, '24-NOV-22');
INSERT INTO TOUR_ORDER( TOUR_ORDER_ID, CUSTOMER_ID, PACKAGE_ID, TOUR_GUIDE_ID, DATE_) VALUES ( 202206, '06', 20206, 003, '11-DEC-22');
INSERT INTO TOUR_ORDER( TOUR_ORDER_ID, CUSTOMER_ID, PACKAGE_ID, TOUR_GUIDE_ID, DATE_) VALUES ( 202207, '07', 20204, 005, '23-DEC-22');
INSERT INTO TOUR_ORDER( TOUR_ORDER_ID, CUSTOMER_ID, PACKAGE_ID, TOUR_GUIDE_ID, DATE_) VALUES ( 202208, '08', 20203, 009, '08-DEC-22');
INSERT INTO TOUR_ORDER( TOUR_ORDER_ID, CUSTOMER_ID, PACKAGE_ID, TOUR_GUIDE_ID, DATE_) VALUES ( 202209, '09', 20208, 007, '25-DEC-22');
